2.0.0.0/8|2|1|2 |exabgp|1|A|{'attribute': {'origin': 'igp', 'as-path': {'0': {'element': 'as-sequence', 'value': [2]}}, 'med': 0, 'local-preference': 100}, 'announce': {'ipv4 unicast': {'179.0.2.2': [{'nlri': '2.0.0.0/8'}]}}}|1701695634.0766985
8.0.0.0/8|8|1|8 |exabgp|1|A|{'attribute': {'origin': 'igp', 'as-path': {'0': {'element': 'as-sequence', 'value': [8]}}, 'med': 0, 'local-preference': 100}, 'announce': {'ipv4 unicast': {'179.0.1.2': [{'nlri': '8.0.0.0/8'}]}}}|1701695683.692486
2.0.0.0/8|2|1|2 |exabgp|1|A|{'attribute': {'origin': 'igp', 'as-path': {'0': {'element': 'as-sequence', 'value': [2]}}, 'med': 0, 'local-preference': 100, 'originator-id': '1.151.0.1', 'cluster-list': ['1.153.0.1']}, 'announce': {'ipv4 unicast': {'1.151.0.1': [{'nlri': '2.0.0.0/8'}]}}}|1701695719.5838604
2.0.0.0/8|2|1|2 |exabgp|1|A|{'attribute': {'origin': 'igp', 'as-path': {'0': {'element': 'as-sequence', 'value': [2]}}, 'med': 0, 'local-preference': 100, 'originator-id': '1.151.0.1', 'cluster-list': ['1.154.0.1']}, 'announce': {'ipv4 unicast': {'1.151.0.1': [{'nlri': '2.0.0.0/8'}]}}}|1701695719.5876608
2.0.0.0/8|2|1|2 |exabgp|1|A|{'attribute': {'origin': 'igp', 'as-path': {'0': {'element': 'as-sequence', 'value': [2]}}, 'med': 0, 'local-preference': 100, 'originator-id': '1.151.0.1', 'cluster-list': ['1.152.0.1']}, 'announce': {'ipv4 unicast': {'1.151.0.1': [{'nlri': '2.0.0.0/8'}]}}}|1701695719.5893056
8.0.0.0/8|8|1|8 |exabgp|1|A|{'attribute': {'origin': 'igp', 'as-path': {'0': {'element': 'as-sequence', 'value': [8]}}, 'med': 0, 'local-preference': 100, 'originator-id': '1.152.0.1', 'cluster-list': ['1.151.0.1']}, 'announce': {'ipv4 unicast': {'1.152.0.1': [{'nlri': '8.0.0.0/8'}]}}}|1701695719.5979576
8.0.0.0/8|8|1|8 |exabgp|1|A|{'attribute': {'origin': 'igp', 'as-path': {'0': {'element': 'as-sequence', 'value': [8]}}, 'med': 0, 'local-preference': 100, 'originator-id': '1.152.0.1', 'cluster-list': ['1.154.0.1']}, 'announce': {'ipv4 unicast': {'1.152.0.1': [{'nlri': '8.0.0.0/8'}]}}}|1701695725.8355122
8.0.0.0/8|8|1|8 |exabgp|1|A|{'attribute': {'origin': 'igp', 'as-path': {'0': {'element': 'as-sequence', 'value': [8]}}, 'med': 0, 'local-preference': 100, 'originator-id': '1.152.0.1', 'cluster-list': ['1.153.0.1']}, 'announce': {'ipv4 unicast': {'1.152.0.1': [{'nlri': '8.0.0.0/8'}]}}}|1701695725.8458967
3.0.0.0/8|3|1|2 3 |exabgp|1|A|{'attribute': {'origin': 'igp', 'as-path': {'0': {'element': 'as-sequence', 'value': [2, 3]}}, 'local-preference': 100}, 'announce': {'ipv4 unicast': {'179.0.2.2': [{'nlri': '3.0.0.0/8'}]}}}|1701695732.3928697
3.0.0.0/8|3|1|2 3 |exabgp|1|A|{'attribute': {'origin': 'igp', 'as-path': {'0': {'element': 'as-sequence', 'value': [2, 3]}}, 'med': 0, 'local-preference': 100, 'originator-id': '1.151.0.1', 'cluster-list': ['1.153.0.1']}, 'announce': {'ipv4 unicast': {'1.151.0.1': [{'nlri': '3.0.0.0/8'}]}}}|1701695732.45179
3.0.0.0/8|3|1|2 3 |exabgp|1|A|{'attribute': {'origin': 'igp', 'as-path': {'0': {'element': 'as-sequence', 'value': [2, 3]}}, 'med': 0, 'local-preference': 100, 'originator-id': '1.151.0.1', 'cluster-list': ['1.152.0.1']}, 'announce': {'ipv4 unicast': {'1.151.0.1': [{'nlri': '3.0.0.0/8'}]}}}|1701695732.4635186
3.0.0.0/8|3|1|2 3 |exabgp|1|A|{'attribute': {'origin': 'igp', 'as-path': {'0': {'element': 'as-sequence', 'value': [2, 3]}}, 'med': 0, 'local-preference': 100, 'originator-id': '1.151.0.1', 'cluster-list': ['1.154.0.1']}, 'announce': {'ipv4 unicast': {'1.151.0.1': [{'nlri': '3.0.0.0/8'}]}}}|1701695732.5794997
7.0.0.0/8|7|1|2 7 |exabgp|1|A|{'attribute': {'origin': 'igp', 'as-path': {'0': {'element': 'as-sequence', 'value': [2, 7]}}, 'local-preference': 100}, 'announce': {'ipv4 unicast': {'179.0.2.2': [{'nlri': '7.0.0.0/8'}]}}}|1701695735.9853735
7.0.0.0/8|7|1|2 7 |exabgp|1|A|{'attribute': {'origin': 'igp', 'as-path': {'0': {'element': 'as-sequence', 'value': [2, 7]}}, 'med': 0, 'local-preference': 100, 'originator-id': '1.151.0.1', 'cluster-list': ['1.154.0.1']}, 'announce': {'ipv4 unicast': {'1.151.0.1': [{'nlri': '7.0.0.0/8'}]}}}|1701695736.037851
7.0.0.0/8|7|1|2 7 |exabgp|1|A|{'attribute': {'origin': 'igp', 'as-path': {'0': {'element': 'as-sequence', 'value': [2, 7]}}, 'med': 0, 'local-preference': 100, 'originator-id': '1.151.0.1', 'cluster-list': ['1.153.0.1']}, 'announce': {'ipv4 unicast': {'1.151.0.1': [{'nlri': '7.0.0.0/8'}]}}}|1701695736.0438166
7.0.0.0/8|7|1|2 7 |exabgp|1|A|{'attribute': {'origin': 'igp', 'as-path': {'0': {'element': 'as-sequence', 'value': [2, 7]}}, 'med': 0, 'local-preference': 100, 'originator-id': '1.151.0.1', 'cluster-list': ['1.152.0.1']}, 'announce': {'ipv4 unicast': {'1.151.0.1': [{'nlri': '7.0.0.0/8'}]}}}|1701695736.0522172
4.0.0.0/8|4|1|2 3 4 |exabgp|1|A|{'attribute': {'origin': 'igp', 'as-path': {'0': {'element': 'as-sequence', 'value': [2, 3, 4]}}, 'local-preference': 100}, 'announce': {'ipv4 unicast': {'179.0.2.2': [{'nlri': '4.0.0.0/8'}]}}}|1701695747.685617
4.0.0.0/8|4|1|2 3 4 |exabgp|1|A|{'attribute': {'origin': 'igp', 'as-path': {'0': {'element': 'as-sequence', 'value': [2, 3, 4]}}, 'med': 0, 'local-preference': 100, 'originator-id': '1.151.0.1', 'cluster-list': ['1.152.0.1']}, 'announce': {'ipv4 unicast': {'1.151.0.1': [{'nlri': '4.0.0.0/8'}]}}}|1701695747.741171
4.0.0.0/8|4|1|2 3 4 |exabgp|1|A|{'attribute': {'origin': 'igp', 'as-path': {'0': {'element': 'as-sequence', 'value': [2, 3, 4]}}, 'med': 0, 'local-preference': 100, 'originator-id': '1.151.0.1', 'cluster-list': ['1.153.0.1']}, 'announce': {'ipv4 unicast': {'1.151.0.1': [{'nlri': '4.0.0.0/8'}]}}}|1701695747.7544482
4.0.0.0/8|4|1|2 3 4 |exabgp|1|A|{'attribute': {'origin': 'igp', 'as-path': {'0': {'element': 'as-sequence', 'value': [2, 3, 4]}}, 'med': 0, 'local-preference': 100, 'originator-id': '1.151.0.1', 'cluster-list': ['1.154.0.1']}, 'announce': {'ipv4 unicast': {'1.151.0.1': [{'nlri': '4.0.0.0/8'}]}}}|1701695747.7564974
6.0.0.0/8|6|1|2 3 6 |exabgp|1|A|{'attribute': {'origin': 'igp', 'as-path': {'0': {'element': 'as-sequence', 'value': [2, 3, 6]}}, 'local-preference': 100}, 'announce': {'ipv4 unicast': {'179.0.2.2': [{'nlri': '6.0.0.0/8'}]}}}|1701695748.9349644
6.0.0.0/8|6|1|2 3 6 |exabgp|1|A|{'attribute': {'origin': 'igp', 'as-path': {'0': {'element': 'as-sequence', 'value': [2, 3, 6]}}, 'med': 0, 'local-preference': 100, 'originator-id': '1.151.0.1', 'cluster-list': ['1.153.0.1']}, 'announce': {'ipv4 unicast': {'1.151.0.1': [{'nlri': '6.0.0.0/8'}]}}}|1701695748.987618
6.0.0.0/8|6|1|2 3 6 |exabgp|1|A|{'attribute': {'origin': 'igp', 'as-path': {'0': {'element': 'as-sequence', 'value': [2, 3, 6]}}, 'med': 0, 'local-preference': 100, 'originator-id': '1.151.0.1', 'cluster-list': ['1.154.0.1']}, 'announce': {'ipv4 unicast': {'1.151.0.1': [{'nlri': '6.0.0.0/8'}]}}}|1701695748.988675
6.0.0.0/8|6|1|2 3 6 |exabgp|1|A|{'attribute': {'origin': 'igp', 'as-path': {'0': {'element': 'as-sequence', 'value': [2, 3, 6]}}, 'med': 0, 'local-preference': 100, 'originator-id': '1.151.0.1', 'cluster-list': ['1.152.0.1']}, 'announce': {'ipv4 unicast': {'1.151.0.1': [{'nlri': '6.0.0.0/8'}]}}}|1701695749.0621262
5.0.0.0/8|5|1|2 3 4 5 |exabgp|1|A|{'attribute': {'origin': 'igp', 'as-path': {'0': {'element': 'as-sequence', 'value': [2, 3, 4, 5]}}, 'local-preference': 100}, 'announce': {'ipv4 unicast': {'179.0.2.2': [{'nlri': '5.0.0.0/8'}]}}}|1701695767.3246017
5.0.0.0/8|5|1|2 3 4 5 |exabgp|1|A|{'attribute': {'origin': 'igp', 'as-path': {'0': {'element': 'as-sequence', 'value': [2, 3, 4, 5]}}, 'med': 0, 'local-preference': 100, 'originator-id': '1.151.0.1', 'cluster-list': ['1.152.0.1']}, 'announce': {'ipv4 unicast': {'1.151.0.1': [{'nlri': '5.0.0.0/8'}]}}}|1701695767.3803697
5.0.0.0/8|5|1|2 3 4 5 |exabgp|1|A|{'attribute': {'origin': 'igp', 'as-path': {'0': {'element': 'as-sequence', 'value': [2, 3, 4, 5]}}, 'med': 0, 'local-preference': 100, 'originator-id': '1.151.0.1', 'cluster-list': ['1.154.0.1']}, 'announce': {'ipv4 unicast': {'1.151.0.1': [{'nlri': '5.0.0.0/8'}]}}}|1701695767.3814297
5.0.0.0/8|5|1|2 3 4 5 |exabgp|1|A|{'attribute': {'origin': 'igp', 'as-path': {'0': {'element': 'as-sequence', 'value': [2, 3, 4, 5]}}, 'med': 0, 'local-preference': 100, 'originator-id': '1.151.0.1', 'cluster-list': ['1.153.0.1']}, 'announce': {'ipv4 unicast': {'1.151.0.1': [{'nlri': '5.0.0.0/8'}]}}}|1701695767.385744
12.0.0.0/8|12|1|2 3 4 5 12 |exabgp|1|A|{'attribute': {'origin': 'igp', 'as-path': {'0': {'element': 'as-sequence', 'value': [2, 3, 4, 5, 12]}}, 'local-preference': 100}, 'announce': {'ipv4 unicast': {'179.0.2.2': [{'nlri': '12.0.0.0/8'}]}}}|1701695775.0005345
12.0.0.0/8|12|1|2 3 4 5 12 |exabgp|1|A|{'attribute': {'origin': 'igp', 'as-path': {'0': {'element': 'as-sequence', 'value': [2, 3, 4, 5, 12]}}, 'med': 0, 'local-preference': 100, 'originator-id': '1.151.0.1', 'cluster-list': ['1.153.0.1']}, 'announce': {'ipv4 unicast': {'1.151.0.1': [{'nlri': '12.0.0.0/8'}]}}}|1701695775.0420635
12.0.0.0/8|12|1|2 3 4 5 12 |exabgp|1|A|{'attribute': {'origin': 'igp', 'as-path': {'0': {'element': 'as-sequence', 'value': [2, 3, 4, 5, 12]}}, 'med': 0, 'local-preference': 100, 'originator-id': '1.151.0.1', 'cluster-list': ['1.154.0.1']}, 'announce': {'ipv4 unicast': {'1.151.0.1': [{'nlri': '12.0.0.0/8'}]}}}|1701695775.0443172
12.0.0.0/8|12|1|2 3 4 5 12 |exabgp|1|A|{'attribute': {'origin': 'igp', 'as-path': {'0': {'element': 'as-sequence', 'value': [2, 3, 4, 5, 12]}}, 'med': 0, 'local-preference': 100, 'originator-id': '1.151.0.1', 'cluster-list': ['1.152.0.1']}, 'announce': {'ipv4 unicast': {'1.151.0.1': [{'nlri': '12.0.0.0/8'}]}}}|1701695775.0811555
9.0.0.0/8|9|1|8 9 |exabgp|1|A|{'attribute': {'origin': 'igp', 'as-path': {'0': {'element': 'as-sequence', 'value': [8, 9]}}, 'local-preference': 100}, 'announce': {'ipv4 unicast': {'179.0.1.2': [{'nlri': '9.0.0.0/8'}]}}}|1701695798.9966574
9.0.0.0/8|9|1|8 9 |exabgp|1|A|{'attribute': {'origin': 'igp', 'as-path': {'0': {'element': 'as-sequence', 'value': [8, 9]}}, 'med': 0, 'local-preference': 100, 'originator-id': '1.152.0.1', 'cluster-list': ['1.153.0.1']}, 'announce': {'ipv4 unicast': {'1.152.0.1': [{'nlri': '9.0.0.0/8'}]}}}|1701695799.0337434
9.0.0.0/8|9|1|8 9 |exabgp|1|A|{'attribute': {'origin': 'igp', 'as-path': {'0': {'element': 'as-sequence', 'value': [8, 9]}}, 'med': 0, 'local-preference': 100, 'originator-id': '1.152.0.1', 'cluster-list': ['1.151.0.1']}, 'announce': {'ipv4 unicast': {'1.152.0.1': [{'nlri': '9.0.0.0/8'}]}}}|1701695799.0803194
9.0.0.0/8|9|1|8 9 |exabgp|1|A|{'attribute': {'origin': 'igp', 'as-path': {'0': {'element': 'as-sequence', 'value': [8, 9]}}, 'med': 0, 'local-preference': 100, 'originator-id': '1.152.0.1', 'cluster-list': ['1.154.0.1']}, 'announce': {'ipv4 unicast': {'1.152.0.1': [{'nlri': '9.0.0.0/8'}]}}}|1701695799.0939837
5.0.0.0/8|5|1|8 7 6 5 |exabgp|1|A|{'attribute': {'origin': 'igp', 'as-path': {'0': {'element': 'as-sequence', 'value': [8, 7, 6, 5]}}, 'local-preference': 100}, 'announce': {'ipv4 unicast': {'179.0.1.2': [{'nlri': '5.0.0.0/8'}]}}}|1701695802.3620973
6.0.0.0/8|6|1|8 7 6 |exabgp|1|A|{'attribute': {'origin': 'igp', 'as-path': {'0': {'element': 'as-sequence', 'value': [8, 7, 6]}}, 'local-preference': 100}, 'announce': {'ipv4 unicast': {'179.0.1.2': [{'nlri': '6.0.0.0/8'}]}}}|1701695802.3631883
7.0.0.0/8|7|1|8 7 |exabgp|1|A|{'attribute': {'origin': 'igp', 'as-path': {'0': {'element': 'as-sequence', 'value': [8, 7]}}, 'local-preference': 100}, 'announce': {'ipv4 unicast': {'179.0.1.2': [{'nlri': '7.0.0.0/8'}]}}}|1701695802.3642983
12.0.0.0/8|12|1|8 7 6 5 12 |exabgp|1|A|{'attribute': {'origin': 'igp', 'as-path': {'0': {'element': 'as-sequence', 'value': [8, 7, 6, 5, 12]}}, 'local-preference': 100}, 'announce': {'ipv4 unicast': {'179.0.1.2': [{'nlri': '12.0.0.0/8'}]}}}|1701695802.36521
16.0.0.0/8|16|1|8 9 16 |exabgp|1|A|{'attribute': {'origin': 'igp', 'as-path': {'0': {'element': 'as-sequence', 'value': [8, 9, 16]}}, 'local-preference': 100}, 'announce': {'ipv4 unicast': {'179.0.1.2': [{'nlri': '16.0.0.0/8'}]}}}|1701695805.044286
10.0.0.0/8|10|1|8 9 10 |exabgp|1|A|{'attribute': {'origin': 'igp', 'as-path': {'0': {'element': 'as-sequence', 'value': [8, 9, 10]}}, 'local-preference': 100}, 'announce': {'ipv4 unicast': {'179.0.1.2': [{'nlri': '10.0.0.0/8'}]}}}|1701695805.0452118
16.0.0.0/8|16|1|8 9 16 |exabgp|1|A|{'attribute': {'origin': 'igp', 'as-path': {'0': {'element': 'as-sequence', 'value': [8, 9, 16]}}, 'med': 0, 'local-preference': 100, 'originator-id': '1.152.0.1', 'cluster-list': ['1.154.0.1']}, 'announce': {'ipv4 unicast': {'1.152.0.1': [{'nlri': '16.0.0.0/8'}]}}}|1701695805.0958638
10.0.0.0/8|10|1|8 9 10 |exabgp|1|A|{'attribute': {'origin': 'igp', 'as-path': {'0': {'element': 'as-sequence', 'value': [8, 9, 10]}}, 'med': 0, 'local-preference': 100, 'originator-id': '1.152.0.1', 'cluster-list': ['1.154.0.1']}, 'announce': {'ipv4 unicast': {'1.152.0.1': [{'nlri': '10.0.0.0/8'}]}}}|1701695805.0969753
16.0.0.0/8|16|1|8 9 16 |exabgp|1|A|{'attribute': {'origin': 'igp', 'as-path': {'0': {'element': 'as-sequence', 'value': [8, 9, 16]}}, 'med': 0, 'local-preference': 100, 'originator-id': '1.152.0.1', 'cluster-list': ['1.153.0.1']}, 'announce': {'ipv4 unicast': {'1.152.0.1': [{'nlri': '16.0.0.0/8'}]}}}|1701695805.114072
10.0.0.0/8|10|1|8 9 10 |exabgp|1|A|{'attribute': {'origin': 'igp', 'as-path': {'0': {'element': 'as-sequence', 'value': [8, 9, 10]}}, 'med': 0, 'local-preference': 100, 'originator-id': '1.152.0.1', 'cluster-list': ['1.153.0.1']}, 'announce': {'ipv4 unicast': {'1.152.0.1': [{'nlri': '10.0.0.0/8'}]}}}|1701695805.1154666
16.0.0.0/8|16|1|8 9 16 |exabgp|1|A|{'attribute': {'origin': 'igp', 'as-path': {'0': {'element': 'as-sequence', 'value': [8, 9, 16]}}, 'med': 0, 'local-preference': 100, 'originator-id': '1.152.0.1', 'cluster-list': ['1.151.0.1']}, 'announce': {'ipv4 unicast': {'1.152.0.1': [{'nlri': '16.0.0.0/8'}]}}}|1701695805.125905
10.0.0.0/8|10|1|8 9 10 |exabgp|1|A|{'attribute': {'origin': 'igp', 'as-path': {'0': {'element': 'as-sequence', 'value': [8, 9, 10]}}, 'med': 0, 'local-preference': 100, 'originator-id': '1.152.0.1', 'cluster-list': ['1.151.0.1']}, 'announce': {'ipv4 unicast': {'1.152.0.1': [{'nlri': '10.0.0.0/8'}]}}}|1701695805.1271744
14.0.0.0/8|14|1|8 9 10 15 14 |exabgp|1|A|{'attribute': {'origin': 'igp', 'as-path': {'0': {'element': 'as-sequence', 'value': [8, 9, 10, 15, 14]}}, 'local-preference': 100}, 'announce': {'ipv4 unicast': {'179.0.1.2': [{'nlri': '14.0.0.0/8'}]}}}|1701695813.568579
15.0.0.0/8|15|1|8 9 10 15 |exabgp|1|A|{'attribute': {'origin': 'igp', 'as-path': {'0': {'element': 'as-sequence', 'value': [8, 9, 10, 15]}}, 'local-preference': 100}, 'announce': {'ipv4 unicast': {'179.0.1.2': [{'nlri': '15.0.0.0/8'}]}}}|1701695813.5698216
14.0.0.0/8|14|1|8 9 10 15 14 |exabgp|1|A|{'attribute': {'origin': 'igp', 'as-path': {'0': {'element': 'as-sequence', 'value': [8, 9, 10, 15, 14]}}, 'med': 0, 'local-preference': 100, 'originator-id': '1.152.0.1', 'cluster-list': ['1.153.0.1']}, 'announce': {'ipv4 unicast': {'1.152.0.1': [{'nlri': '14.0.0.0/8'}]}}}|1701695813.6387541
15.0.0.0/8|15|1|8 9 10 15 |exabgp|1|A|{'attribute': {'origin': 'igp', 'as-path': {'0': {'element': 'as-sequence', 'value': [8, 9, 10, 15]}}, 'med': 0, 'local-preference': 100, 'originator-id': '1.152.0.1', 'cluster-list': ['1.153.0.1']}, 'announce': {'ipv4 unicast': {'1.152.0.1': [{'nlri': '15.0.0.0/8'}]}}}|1701695813.6399267
14.0.0.0/8|14|1|8 9 10 15 14 |exabgp|1|A|{'attribute': {'origin': 'igp', 'as-path': {'0': {'element': 'as-sequence', 'value': [8, 9, 10, 15, 14]}}, 'med': 0, 'local-preference': 100, 'originator-id': '1.152.0.1', 'cluster-list': ['1.154.0.1']}, 'announce': {'ipv4 unicast': {'1.152.0.1': [{'nlri': '14.0.0.0/8'}]}}}|1701695813.6445768
15.0.0.0/8|15|1|8 9 10 15 |exabgp|1|A|{'attribute': {'origin': 'igp', 'as-path': {'0': {'element': 'as-sequence', 'value': [8, 9, 10, 15]}}, 'med': 0, 'local-preference': 100, 'originator-id': '1.152.0.1', 'cluster-list': ['1.154.0.1']}, 'announce': {'ipv4 unicast': {'1.152.0.1': [{'nlri': '15.0.0.0/8'}]}}}|1701695813.656477
14.0.0.0/8|14|1|8 9 10 15 14 |exabgp|1|A|{'attribute': {'origin': 'igp', 'as-path': {'0': {'element': 'as-sequence', 'value': [8, 9, 10, 15, 14]}}, 'med': 0, 'local-preference': 100, 'originator-id': '1.152.0.1', 'cluster-list': ['1.151.0.1']}, 'announce': {'ipv4 unicast': {'1.152.0.1': [{'nlri': '14.0.0.0/8'}]}}}|1701695813.6579452
15.0.0.0/8|15|1|8 9 10 15 |exabgp|1|A|{'attribute': {'origin': 'igp', 'as-path': {'0': {'element': 'as-sequence', 'value': [8, 9, 10, 15]}}, 'med': 0, 'local-preference': 100, 'originator-id': '1.152.0.1', 'cluster-list': ['1.151.0.1']}, 'announce': {'ipv4 unicast': {'1.152.0.1': [{'nlri': '15.0.0.0/8'}]}}}|1701695813.6592329
11.0.0.0/8|11|1|2 3 4 5 12 11 |exabgp|1|A|{'attribute': {'origin': 'igp', 'as-path': {'0': {'element': 'as-sequence', 'value': [2, 3, 4, 5, 12, 11]}}, 'local-preference': 100}, 'announce': {'ipv4 unicast': {'179.0.2.2': [{'nlri': '11.0.0.0/8'}]}}}|1701695846.3432546
11.0.0.0/8|11|1|8 7 6 5 12 11 |exabgp|1|A|{'attribute': {'origin': 'igp', 'as-path': {'0': {'element': 'as-sequence', 'value': [8, 7, 6, 5, 12, 11]}}, 'local-preference': 100}, 'announce': {'ipv4 unicast': {'179.0.1.2': [{'nlri': '11.0.0.0/8'}]}}}|1701695846.3599467
13.0.0.0/8|13|1|2 3 4 5 12 13 |exabgp|1|A|{'attribute': {'origin': 'igp', 'as-path': {'0': {'element': 'as-sequence', 'value': [2, 3, 4, 5, 12, 13]}}, 'local-preference': 100}, 'announce': {'ipv4 unicast': {'179.0.2.2': [{'nlri': '13.0.0.0/8'}]}}}|1701695846.3612552
13.0.0.0/8|13|1|2 3 4 5 12 13 |exabgp|1|A|{'attribute': {'origin': 'igp', 'as-path': {'0': {'element': 'as-sequence', 'value': [2, 3, 4, 5, 12, 13]}}, 'med': 0, 'local-preference': 100, 'originator-id': '1.151.0.1', 'cluster-list': ['1.152.0.1']}, 'announce': {'ipv4 unicast': {'1.151.0.1': [{'nlri': '13.0.0.0/8'}]}}}|1701695846.3753357
11.0.0.0/8|11|1|2 3 4 5 12 11 |exabgp|1|A|{'attribute': {'origin': 'igp', 'as-path': {'0': {'element': 'as-sequence', 'value': [2, 3, 4, 5, 12, 11]}}, 'med': 0, 'local-preference': 100, 'originator-id': '1.151.0.1', 'cluster-list': ['1.153.0.1']}, 'announce': {'ipv4 unicast': {'1.151.0.1': [{'nlri': '11.0.0.0/8'}]}}}|1701695846.3942494
11.0.0.0/8|11|1|2 3 4 5 12 11 |exabgp|1|A|{'attribute': {'origin': 'igp', 'as-path': {'0': {'element': 'as-sequence', 'value': [2, 3, 4, 5, 12, 11]}}, 'med': 0, 'local-preference': 100, 'originator-id': '1.151.0.1', 'cluster-list': ['1.154.0.1']}, 'announce': {'ipv4 unicast': {'1.151.0.1': [{'nlri': '11.0.0.0/8'}]}}}|1701695846.3953416
13.0.0.0/8|13|1|2 3 4 5 12 13 |exabgp|1|A|{'attribute': {'origin': 'igp', 'as-path': {'0': {'element': 'as-sequence', 'value': [2, 3, 4, 5, 12, 13]}}, 'med': 0, 'local-preference': 100, 'originator-id': '1.151.0.1', 'cluster-list': ['1.153.0.1']}, 'announce': {'ipv4 unicast': {'1.151.0.1': [{'nlri': '13.0.0.0/8'}]}}}|1701695846.3962843
13.0.0.0/8|13|1|2 3 4 5 12 13 |exabgp|1|A|{'attribute': {'origin': 'igp', 'as-path': {'0': {'element': 'as-sequence', 'value': [2, 3, 4, 5, 12, 13]}}, 'med': 0, 'local-preference': 100, 'originator-id': '1.151.0.1', 'cluster-list': ['1.154.0.1']}, 'announce': {'ipv4 unicast': {'1.151.0.1': [{'nlri': '13.0.0.0/8'}]}}}|1701695846.39757
13.0.0.0/8|13|1|8 7 6 5 12 13 |exabgp|1|A|{'attribute': {'origin': 'igp', 'as-path': {'0': {'element': 'as-sequence', 'value': [8, 7, 6, 5, 12, 13]}}, 'local-preference': 100}, 'announce': {'ipv4 unicast': {'179.0.1.2': [{'nlri': '13.0.0.0/8'}]}}}|1701695846.541058
20.0.0.0/8|20|1|8 7 6 5 12 13 20 |exabgp|1|A|{'attribute': {'origin': 'igp', 'as-path': {'0': {'element': 'as-sequence', 'value': [8, 7, 6, 5, 12, 13, 20]}}, 'local-preference': 100}, 'announce': {'ipv4 unicast': {'179.0.1.2': [{'nlri': '20.0.0.0/8'}]}}}|1701695856.6535087
20.0.0.0/8|20|1|2 3 4 5 12 13 20 |exabgp|1|A|{'attribute': {'origin': 'igp', 'as-path': {'0': {'element': 'as-sequence', 'value': [2, 3, 4, 5, 12, 13, 20]}}, 'local-preference': 100}, 'announce': {'ipv4 unicast': {'179.0.2.2': [{'nlri': '20.0.0.0/8'}]}}}|1701695856.6690488
20.0.0.0/8|20|1|2 3 4 5 12 13 20 |exabgp|1|A|{'attribute': {'origin': 'igp', 'as-path': {'0': {'element': 'as-sequence', 'value': [2, 3, 4, 5, 12, 13, 20]}}, 'med': 0, 'local-preference': 100, 'originator-id': '1.151.0.1', 'cluster-list': ['1.153.0.1']}, 'announce': {'ipv4 unicast': {'1.151.0.1': [{'nlri': '20.0.0.0/8'}]}}}|1701695856.7031715
20.0.0.0/8|20|1|2 3 4 5 12 13 20 |exabgp|1|A|{'attribute': {'origin': 'igp', 'as-path': {'0': {'element': 'as-sequence', 'value': [2, 3, 4, 5, 12, 13, 20]}}, 'med': 0, 'local-preference': 100, 'originator-id': '1.151.0.1', 'cluster-list': ['1.154.0.1']}, 'announce': {'ipv4 unicast': {'1.151.0.1': [{'nlri': '20.0.0.0/8'}]}}}|1701695856.7254136
11.0.0.0/8|11|1|8 9 10 15 14 11 |exabgp|1|A|{'attribute': {'origin': 'igp', 'as-path': {'0': {'element': 'as-sequence', 'value': [8, 9, 10, 15, 14, 11]}}, 'local-preference': 100}, 'announce': {'ipv4 unicast': {'179.0.1.2': [{'nlri': '11.0.0.0/8'}]}}}|1701695863.4477737
13.0.0.0/8|13|1|8 9 10 15 14 13 |exabgp|1|A|{'attribute': {'origin': 'igp', 'as-path': {'0': {'element': 'as-sequence', 'value': [8, 9, 10, 15, 14, 13]}}, 'local-preference': 100}, 'announce': {'ipv4 unicast': {'179.0.1.2': [{'nlri': '13.0.0.0/8'}]}}}|1701695863.448783
20.0.0.0/8|20|1|8 9 10 15 14 13 20 |exabgp|1|A|{'attribute': {'origin': 'igp', 'as-path': {'0': {'element': 'as-sequence', 'value': [8, 9, 10, 15, 14, 13, 20]}}, 'local-preference': 100}, 'announce': {'ipv4 unicast': {'179.0.1.2': [{'nlri': '20.0.0.0/8'}]}}}|1701695863.4498115
17.0.0.0/8|17|1|8 9 16 17 |exabgp|1|A|{'attribute': {'origin': 'igp', 'as-path': {'0': {'element': 'as-sequence', 'value': [8, 9, 16, 17]}}, 'local-preference': 100}, 'announce': {'ipv4 unicast': {'179.0.1.2': [{'nlri': '17.0.0.0/8'}]}}}|1701695878.4233527
17.0.0.0/8|17|1|8 9 16 17 |exabgp|1|A|{'attribute': {'origin': 'igp', 'as-path': {'0': {'element': 'as-sequence', 'value': [8, 9, 16, 17]}}, 'med': 0, 'local-preference': 100, 'originator-id': '1.152.0.1', 'cluster-list': ['1.151.0.1']}, 'announce': {'ipv4 unicast': {'1.152.0.1': [{'nlri': '17.0.0.0/8'}]}}}|1701695878.4693327
17.0.0.0/8|17|1|8 9 16 17 |exabgp|1|A|{'attribute': {'origin': 'igp', 'as-path': {'0': {'element': 'as-sequence', 'value': [8, 9, 16, 17]}}, 'med': 0, 'local-preference': 100, 'originator-id': '1.152.0.1', 'cluster-list': ['1.154.0.1']}, 'announce': {'ipv4 unicast': {'1.152.0.1': [{'nlri': '17.0.0.0/8'}]}}}|1701695878.5095255
17.0.0.0/8|17|1|8 9 16 17 |exabgp|1|A|{'attribute': {'origin': 'igp', 'as-path': {'0': {'element': 'as-sequence', 'value': [8, 9, 16, 17]}}, 'med': 0, 'local-preference': 100, 'originator-id': '1.152.0.1', 'cluster-list': ['1.153.0.1']}, 'announce': {'ipv4 unicast': {'1.152.0.1': [{'nlri': '17.0.0.0/8'}]}}}|1701695878.5144362
29.0.0.0/8|29|1|2 3 4 29 |exabgp|1|A|{'attribute': {'origin': 'igp', 'as-path': {'0': {'element': 'as-sequence', 'value': [2, 3, 4, 29]}}, 'local-preference': 100}, 'announce': {'ipv4 unicast': {'179.0.2.2': [{'nlri': '29.0.0.0/8'}]}}}|1701695892.0910592
29.0.0.0/8|29|1|2 3 4 29 |exabgp|1|A|{'attribute': {'origin': 'igp', 'as-path': {'0': {'element': 'as-sequence', 'value': [2, 3, 4, 29]}}, 'med': 0, 'local-preference': 100, 'originator-id': '1.151.0.1', 'cluster-list': ['1.153.0.1']}, 'announce': {'ipv4 unicast': {'1.151.0.1': [{'nlri': '29.0.0.0/8'}]}}}|1701695892.1424763
29.0.0.0/8|29|1|2 3 4 29 |exabgp|1|A|{'attribute': {'origin': 'igp', 'as-path': {'0': {'element': 'as-sequence', 'value': [2, 3, 4, 29]}}, 'med': 0, 'local-preference': 100, 'originator-id': '1.151.0.1', 'cluster-list': ['1.152.0.1']}, 'announce': {'ipv4 unicast': {'1.151.0.1': [{'nlri': '29.0.0.0/8'}]}}}|1701695892.1654365
29.0.0.0/8|29|1|2 3 4 29 |exabgp|1|A|{'attribute': {'origin': 'igp', 'as-path': {'0': {'element': 'as-sequence', 'value': [2, 3, 4, 29]}}, 'med': 0, 'local-preference': 100, 'originator-id': '1.151.0.1', 'cluster-list': ['1.154.0.1']}, 'announce': {'ipv4 unicast': {'1.151.0.1': [{'nlri': '29.0.0.0/8'}]}}}|1701695892.1665237
18.0.0.0/8|18|1|8 9 16 17 18 |exabgp|1|A|{'attribute': {'origin': 'igp', 'as-path': {'0': {'element': 'as-sequence', 'value': [8, 9, 16, 17, 18]}}, 'local-preference': 100}, 'announce': {'ipv4 unicast': {'179.0.1.2': [{'nlri': '18.0.0.0/8'}]}}}|1701695892.2764294
18.0.0.0/8|18|1|8 9 16 17 18 |exabgp|1|A|{'attribute': {'origin': 'igp', 'as-path': {'0': {'element': 'as-sequence', 'value': [8, 9, 16, 17, 18]}}, 'med': 0, 'local-preference': 100, 'originator-id': '1.152.0.1', 'cluster-list': ['1.153.0.1']}, 'announce': {'ipv4 unicast': {'1.152.0.1': [{'nlri': '18.0.0.0/8'}]}}}|1701695892.324951
18.0.0.0/8|18|1|8 9 16 17 18 |exabgp|1|A|{'attribute': {'origin': 'igp', 'as-path': {'0': {'element': 'as-sequence', 'value': [8, 9, 16, 17, 18]}}, 'med': 0, 'local-preference': 100, 'originator-id': '1.152.0.1', 'cluster-list': ['1.151.0.1']}, 'announce': {'ipv4 unicast': {'1.152.0.1': [{'nlri': '18.0.0.0/8'}]}}}|1701695892.3300178
18.0.0.0/8|18|1|8 9 16 17 18 |exabgp|1|A|{'attribute': {'origin': 'igp', 'as-path': {'0': {'element': 'as-sequence', 'value': [8, 9, 16, 17, 18]}}, 'med': 0, 'local-preference': 100, 'originator-id': '1.152.0.1', 'cluster-list': ['1.154.0.1']}, 'announce': {'ipv4 unicast': {'1.152.0.1': [{'nlri': '18.0.0.0/8'}]}}}|1701695892.349415
24.0.0.0/8|24|1|8 9 16 17 24 |exabgp|1|A|{'attribute': {'origin': 'igp', 'as-path': {'0': {'element': 'as-sequence', 'value': [8, 9, 16, 17, 24]}}, 'local-preference': 100}, 'announce': {'ipv4 unicast': {'179.0.1.2': [{'nlri': '24.0.0.0/8'}]}}}|1701695901.1726294
24.0.0.0/8|24|1|8 9 16 17 24 |exabgp|1|A|{'attribute': {'origin': 'igp', 'as-path': {'0': {'element': 'as-sequence', 'value': [8, 9, 16, 17, 24]}}, 'med': 0, 'local-preference': 100, 'originator-id': '1.152.0.1', 'cluster-list': ['1.153.0.1']}, 'announce': {'ipv4 unicast': {'1.152.0.1': [{'nlri': '24.0.0.0/8'}]}}}|1701695901.2321923
24.0.0.0/8|24|1|8 9 16 17 24 |exabgp|1|A|{'attribute': {'origin': 'igp', 'as-path': {'0': {'element': 'as-sequence', 'value': [8, 9, 16, 17, 24]}}, 'med': 0, 'local-preference': 100, 'originator-id': '1.152.0.1', 'cluster-list': ['1.151.0.1']}, 'announce': {'ipv4 unicast': {'1.152.0.1': [{'nlri': '24.0.0.0/8'}]}}}|1701695901.23597
24.0.0.0/8|24|1|8 9 16 17 24 |exabgp|1|A|{'attribute': {'origin': 'igp', 'as-path': {'0': {'element': 'as-sequence', 'value': [8, 9, 16, 17, 24]}}, 'med': 0, 'local-preference': 100, 'originator-id': '1.152.0.1', 'cluster-list': ['1.154.0.1']}, 'announce': {'ipv4 unicast': {'1.152.0.1': [{'nlri': '24.0.0.0/8'}]}}}|1701695901.2378767
23.0.0.0/8|23|1|8 9 16 17 18 23 |exabgp|1|A|{'attribute': {'origin': 'igp', 'as-path': {'0': {'element': 'as-sequence', 'value': [8, 9, 16, 17, 18, 23]}}, 'local-preference': 100}, 'announce': {'ipv4 unicast': {'179.0.1.2': [{'nlri': '23.0.0.0/8'}]}}}|1701695906.451603
23.0.0.0/8|23|1|8 9 16 17 18 23 |exabgp|1|A|{'attribute': {'origin': 'igp', 'as-path': {'0': {'element': 'as-sequence', 'value': [8, 9, 16, 17, 18, 23]}}, 'med': 0, 'local-preference': 100, 'originator-id': '1.152.0.1', 'cluster-list': ['1.154.0.1']}, 'announce': {'ipv4 unicast': {'1.152.0.1': [{'nlri': '23.0.0.0/8'}]}}}|1701695906.504879
23.0.0.0/8|23|1|8 9 16 17 18 23 |exabgp|1|A|{'attribute': {'origin': 'igp', 'as-path': {'0': {'element': 'as-sequence', 'value': [8, 9, 16, 17, 18, 23]}}, 'med': 0, 'local-preference': 100, 'originator-id': '1.152.0.1', 'cluster-list': ['1.153.0.1']}, 'announce': {'ipv4 unicast': {'1.152.0.1': [{'nlri': '23.0.0.0/8'}]}}}|1701695906.505961
23.0.0.0/8|23|1|8 9 16 17 18 23 |exabgp|1|A|{'attribute': {'origin': 'igp', 'as-path': {'0': {'element': 'as-sequence', 'value': [8, 9, 16, 17, 18, 23]}}, 'med': 0, 'local-preference': 100, 'originator-id': '1.152.0.1', 'cluster-list': ['1.151.0.1']}, 'announce': {'ipv4 unicast': {'1.152.0.1': [{'nlri': '23.0.0.0/8'}]}}}|1701695906.5338204
19.0.0.0/8|19|1|8 9 16 17 18 19 |exabgp|1|A|{'attribute': {'origin': 'igp', 'as-path': {'0': {'element': 'as-sequence', 'value': [8, 9, 16, 17, 18, 19]}}, 'local-preference': 100}, 'announce': {'ipv4 unicast': {'179.0.1.2': [{'nlri': '19.0.0.0/8'}]}}}|1701695912.770538
19.0.0.0/8|19|1|8 9 16 17 18 19 |exabgp|1|A|{'attribute': {'origin': 'igp', 'as-path': {'0': {'element': 'as-sequence', 'value': [8, 9, 16, 17, 18, 19]}}, 'med': 0, 'local-preference': 100, 'originator-id': '1.152.0.1', 'cluster-list': ['1.151.0.1']}, 'announce': {'ipv4 unicast': {'1.152.0.1': [{'nlri': '19.0.0.0/8'}]}}}|1701695912.8245578
19.0.0.0/8|19|1|8 9 16 17 18 19 |exabgp|1|A|{'attribute': {'origin': 'igp', 'as-path': {'0': {'element': 'as-sequence', 'value': [8, 9, 16, 17, 18, 19]}}, 'med': 0, 'local-preference': 100, 'originator-id': '1.152.0.1', 'cluster-list': ['1.154.0.1']}, 'announce': {'ipv4 unicast': {'1.152.0.1': [{'nlri': '19.0.0.0/8'}]}}}|1701695912.830968
19.0.0.0/8|19|1|8 9 16 17 18 19 |exabgp|1|A|{'attribute': {'origin': 'igp', 'as-path': {'0': {'element': 'as-sequence', 'value': [8, 9, 16, 17, 18, 19]}}, 'med': 0, 'local-preference': 100, 'originator-id': '1.152.0.1', 'cluster-list': ['1.153.0.1']}, 'announce': {'ipv4 unicast': {'1.152.0.1': [{'nlri': '19.0.0.0/8'}]}}}|1701695912.8360097
22.0.0.0/8|22|1|8 9 16 17 18 19 22 |exabgp|1|A|{'attribute': {'origin': 'igp', 'as-path': {'0': {'element': 'as-sequence', 'value': [8, 9, 16, 17, 18, 19, 22]}}, 'local-preference': 100}, 'announce': {'ipv4 unicast': {'179.0.1.2': [{'nlri': '22.0.0.0/8'}]}}}|1701695918.3110373
22.0.0.0/8|22|1|8 9 16 17 18 19 22 |exabgp|1|A|{'attribute': {'origin': 'igp', 'as-path': {'0': {'element': 'as-sequence', 'value': [8, 9, 16, 17, 18, 19, 22]}}, 'med': 0, 'local-preference': 100, 'originator-id': '1.152.0.1', 'cluster-list': ['1.153.0.1']}, 'announce': {'ipv4 unicast': {'1.152.0.1': [{'nlri': '22.0.0.0/8'}]}}}|1701695918.3697646
22.0.0.0/8|22|1|8 9 16 17 18 19 22 |exabgp|1|A|{'attribute': {'origin': 'igp', 'as-path': {'0': {'element': 'as-sequence', 'value': [8, 9, 16, 17, 18, 19, 22]}}, 'med': 0, 'local-preference': 100, 'originator-id': '1.152.0.1', 'cluster-list': ['1.151.0.1']}, 'announce': {'ipv4 unicast': {'1.152.0.1': [{'nlri': '22.0.0.0/8'}]}}}|1701695918.3746243
22.0.0.0/8|22|1|8 9 16 17 18 19 22 |exabgp|1|A|{'attribute': {'origin': 'igp', 'as-path': {'0': {'element': 'as-sequence', 'value': [8, 9, 16, 17, 18, 19, 22]}}, 'med': 0, 'local-preference': 100, 'originator-id': '1.152.0.1', 'cluster-list': ['1.154.0.1']}, 'announce': {'ipv4 unicast': {'1.152.0.1': [{'nlri': '22.0.0.0/8'}]}}}|1701695918.378483
32.0.0.0/8|32|1|32 |exabgp|1|A|{'attribute': {'origin': 'igp', 'as-path': {'0': {'element': 'as-sequence', 'value': [32]}}, 'med': 0, 'local-preference': 100}, 'announce': {'ipv4 unicast': {'179.0.3.2': [{'nlri': '32.0.0.0/8'}]}}}|1701695919.145741
32.0.0.0/8|32|1|32 |exabgp|1|A|{'attribute': {'origin': 'igp', 'as-path': {'0': {'element': 'as-sequence', 'value': [32]}}, 'med': 0, 'local-preference': 100, 'originator-id': '1.153.0.1', 'cluster-list': ['1.151.0.1']}, 'announce': {'ipv4 unicast': {'1.153.0.1': [{'nlri': '32.0.0.0/8'}]}}}|1701695919.1976793
32.0.0.0/8|32|1|32 |exabgp|1|A|{'attribute': {'origin': 'igp', 'as-path': {'0': {'element': 'as-sequence', 'value': [32]}}, 'med': 0, 'local-preference': 100, 'originator-id': '1.153.0.1', 'cluster-list': ['1.154.0.1']}, 'announce': {'ipv4 unicast': {'1.153.0.1': [{'nlri': '32.0.0.0/8'}]}}}|1701695919.1986125
32.0.0.0/8|32|1|32 |exabgp|1|A|{'attribute': {'origin': 'igp', 'as-path': {'0': {'element': 'as-sequence', 'value': [32]}}, 'med': 0, 'local-preference': 100, 'originator-id': '1.153.0.1', 'cluster-list': ['1.152.0.1']}, 'announce': {'ipv4 unicast': {'1.153.0.1': [{'nlri': '32.0.0.0/8'}]}}}|1701695919.1994946
21.0.0.0/8|21|1|8 7 6 5 12 13 20 21 |exabgp|1|A|{'attribute': {'origin': 'igp', 'as-path': {'0': {'element': 'as-sequence', 'value': [8, 7, 6, 5, 12, 13, 20, 21]}}, 'local-preference': 100}, 'announce': {'ipv4 unicast': {'179.0.1.2': [{'nlri': '21.0.0.0/8'}]}}}|1701695924.27414
21.0.0.0/8|21|1|2 3 4 5 12 13 20 21 |exabgp|1|A|{'attribute': {'origin': 'igp', 'as-path': {'0': {'element': 'as-sequence', 'value': [2, 3, 4, 5, 12, 13, 20, 21]}}, 'local-preference': 100}, 'announce': {'ipv4 unicast': {'179.0.2.2': [{'nlri': '21.0.0.0/8'}]}}}|1701695924.2817001
21.0.0.0/8|21|1|2 3 4 5 12 13 20 21 |exabgp|1|A|{'attribute': {'origin': 'igp', 'as-path': {'0': {'element': 'as-sequence', 'value': [2, 3, 4, 5, 12, 13, 20, 21]}}, 'med': 0, 'local-preference': 100, 'originator-id': '1.151.0.1', 'cluster-list': ['1.154.0.1']}, 'announce': {'ipv4 unicast': {'1.151.0.1': [{'nlri': '21.0.0.0/8'}]}}}|1701695924.3288362
21.0.0.0/8|21|1|2 3 4 5 12 13 20 21 |exabgp|1|A|{'attribute': {'origin': 'igp', 'as-path': {'0': {'element': 'as-sequence', 'value': [2, 3, 4, 5, 12, 13, 20, 21]}}, 'med': 0, 'local-preference': 100, 'originator-id': '1.151.0.1', 'cluster-list': ['1.153.0.1']}, 'announce': {'ipv4 unicast': {'1.151.0.1': [{'nlri': '21.0.0.0/8'}]}}}|1701695924.3342192
21.0.0.0/8|21|1|8 9 16 17 18 19 20 21 |exabgp|1|A|{'attribute': {'origin': 'igp', 'as-path': {'0': {'element': 'as-sequence', 'value': [8, 9, 16, 17, 18, 19, 20, 21]}}, 'local-preference': 100}, 'announce': {'ipv4 unicast': {'179.0.1.2': [{'nlri': '21.0.0.0/8'}]}}}|1701695924.6590614
21.0.0.0/8|21|1|8 9 10 15 14 13 20 21 |exabgp|1|A|{'attribute': {'origin': 'igp', 'as-path': {'0': {'element': 'as-sequence', 'value': [8, 9, 10, 15, 14, 13, 20, 21]}}, 'local-preference': 100}, 'announce': {'ipv4 unicast': {'179.0.1.2': [{'nlri': '21.0.0.0/8'}]}}}|1701695924.7084894
28.0.0.0/8|28|1|8 9 10 15 14 13 20 21 28 |exabgp|1|A|{'attribute': {'origin': 'igp', 'as-path': {'0': {'element': 'as-sequence', 'value': [8, 9, 10, 15, 14, 13, 20, 21, 28]}}, 'local-preference': 100}, 'announce': {'ipv4 unicast': {'179.0.1.2': [{'nlri': '28.0.0.0/8'}]}}}|1701695933.0106971
28.0.0.0/8|28|1|2 3 6 5 12 13 20 21 28 |exabgp|1|A|{'attribute': {'origin': 'igp', 'as-path': {'0': {'element': 'as-sequence', 'value': [2, 3, 6, 5, 12, 13, 20, 21, 28]}}, 'local-preference': 100}, 'announce': {'ipv4 unicast': {'179.0.2.2': [{'nlri': '28.0.0.0/8'}]}}}|1701695933.0553477
28.0.0.0/8|28|1|2 3 6 5 12 13 20 21 28 |exabgp|1|A|{'attribute': {'origin': 'igp', 'as-path': {'0': {'element': 'as-sequence', 'value': [2, 3, 6, 5, 12, 13, 20, 21, 28]}}, 'med': 0, 'local-preference': 100, 'originator-id': '1.151.0.1', 'cluster-list': ['1.154.0.1']}, 'announce': {'ipv4 unicast': {'1.151.0.1': [{'nlri': '28.0.0.0/8'}]}}}|1701695933.0673769
28.0.0.0/8|28|1|2 3 6 5 12 13 20 21 28 |exabgp|1|A|{'attribute': {'origin': 'igp', 'as-path': {'0': {'element': 'as-sequence', 'value': [2, 3, 6, 5, 12, 13, 20, 21, 28]}}, 'med': 0, 'local-preference': 100, 'originator-id': '1.151.0.1', 'cluster-list': ['1.153.0.1']}, 'announce': {'ipv4 unicast': {'1.151.0.1': [{'nlri': '28.0.0.0/8'}]}}}|1701695933.068505
28.0.0.0/8|28|1|2 3 4 5 12 13 20 21 28 |exabgp|1|A|{'attribute': {'origin': 'igp', 'as-path': {'0': {'element': 'as-sequence', 'value': [2, 3, 4, 5, 12, 13, 20, 21, 28]}}, 'local-preference': 100}, 'announce': {'ipv4 unicast': {'179.0.2.2': [{'nlri': '28.0.0.0/8'}]}}}|1701695933.2013204
28.0.0.0/8|28|1|2 3 4 5 12 13 20 21 28 |exabgp|1|A|{'attribute': {'origin': 'igp', 'as-path': {'0': {'element': 'as-sequence', 'value': [2, 3, 4, 5, 12, 13, 20, 21, 28]}}, 'med': 0, 'local-preference': 100, 'originator-id': '1.151.0.1', 'cluster-list': ['1.154.0.1']}, 'announce': {'ipv4 unicast': {'1.151.0.1': [{'nlri': '28.0.0.0/8'}]}}}|1701695933.2564337
28.0.0.0/8|28|1|2 3 4 5 12 13 20 21 28 |exabgp|1|A|{'attribute': {'origin': 'igp', 'as-path': {'0': {'element': 'as-sequence', 'value': [2, 3, 4, 5, 12, 13, 20, 21, 28]}}, 'med': 0, 'local-preference': 100, 'originator-id': '1.151.0.1', 'cluster-list': ['1.153.0.1']}, 'announce': {'ipv4 unicast': {'1.151.0.1': [{'nlri': '28.0.0.0/8'}]}}}|1701695933.2646904
25.0.0.0/8|25|1|8 9 16 17 24 25 |exabgp|1|A|{'attribute': {'origin': 'igp', 'as-path': {'0': {'element': 'as-sequence', 'value': [8, 9, 16, 17, 24, 25]}}, 'local-preference': 100}, 'announce': {'ipv4 unicast': {'179.0.1.2': [{'nlri': '25.0.0.0/8'}]}}}|1701695956.6359274
25.0.0.0/8|25|1|8 9 16 17 24 25 |exabgp|1|A|{'attribute': {'origin': 'igp', 'as-path': {'0': {'element': 'as-sequence', 'value': [8, 9, 16, 17, 24, 25]}}, 'med': 0, 'local-preference': 100, 'originator-id': '1.152.0.1', 'cluster-list': ['1.151.0.1']}, 'announce': {'ipv4 unicast': {'1.152.0.1': [{'nlri': '25.0.0.0/8'}]}}}|1701695956.695166
25.0.0.0/8|25|1|8 9 16 17 24 25 |exabgp|1|A|{'attribute': {'origin': 'igp', 'as-path': {'0': {'element': 'as-sequence', 'value': [8, 9, 16, 17, 24, 25]}}, 'med': 0, 'local-preference': 100, 'originator-id': '1.152.0.1', 'cluster-list': ['1.154.0.1']}, 'announce': {'ipv4 unicast': {'1.152.0.1': [{'nlri': '25.0.0.0/8'}]}}}|1701695956.717555
25.0.0.0/8|25|1|8 9 16 17 24 25 |exabgp|1|A|{'attribute': {'origin': 'igp', 'as-path': {'0': {'element': 'as-sequence', 'value': [8, 9, 16, 17, 24, 25]}}, 'med': 0, 'local-preference': 100, 'originator-id': '1.152.0.1', 'cluster-list': ['1.153.0.1']}, 'announce': {'ipv4 unicast': {'1.152.0.1': [{'nlri': '25.0.0.0/8'}]}}}|1701695956.7251527
26.0.0.0/8|26|1|8 9 16 17 24 25 26 |exabgp|1|A|{'attribute': {'origin': 'igp', 'as-path': {'0': {'element': 'as-sequence', 'value': [8, 9, 16, 17, 24, 25, 26]}}, 'local-preference': 100}, 'announce': {'ipv4 unicast': {'179.0.1.2': [{'nlri': '26.0.0.0/8'}]}}}|1701695976.2761507
26.0.0.0/8|26|1|8 9 16 17 24 25 26 |exabgp|1|A|{'attribute': {'origin': 'igp', 'as-path': {'0': {'element': 'as-sequence', 'value': [8, 9, 16, 17, 24, 25, 26]}}, 'med': 0, 'local-preference': 100, 'originator-id': '1.152.0.1', 'cluster-list': ['1.151.0.1']}, 'announce': {'ipv4 unicast': {'1.152.0.1': [{'nlri': '26.0.0.0/8'}]}}}|1701695976.327775
26.0.0.0/8|26|1|8 9 16 17 24 25 26 |exabgp|1|A|{'attribute': {'origin': 'igp', 'as-path': {'0': {'element': 'as-sequence', 'value': [8, 9, 16, 17, 24, 25, 26]}}, 'med': 0, 'local-preference': 100, 'originator-id': '1.152.0.1', 'cluster-list': ['1.153.0.1']}, 'announce': {'ipv4 unicast': {'1.152.0.1': [{'nlri': '26.0.0.0/8'}]}}}|1701695976.3330967
26.0.0.0/8|26|1|8 9 16 17 24 25 26 |exabgp|1|A|{'attribute': {'origin': 'igp', 'as-path': {'0': {'element': 'as-sequence', 'value': [8, 9, 16, 17, 24, 25, 26]}}, 'med': 0, 'local-preference': 100, 'originator-id': '1.152.0.1', 'cluster-list': ['1.154.0.1']}, 'announce': {'ipv4 unicast': {'1.152.0.1': [{'nlri': '26.0.0.0/8'}]}}}|1701695976.3760858
27.0.0.0/8|27|1|8 9 16 17 24 25 26 27 |exabgp|1|A|{'attribute': {'origin': 'igp', 'as-path': {'0': {'element': 'as-sequence', 'value': [8, 9, 16, 17, 24, 25, 26, 27]}}, 'local-preference': 100}, 'announce': {'ipv4 unicast': {'179.0.1.2': [{'nlri': '27.0.0.0/8'}]}}}|1701695985.6495824
27.0.0.0/8|27|1|8 9 16 17 24 25 26 27 |exabgp|1|A|{'attribute': {'origin': 'igp', 'as-path': {'0': {'element': 'as-sequence', 'value': [8, 9, 16, 17, 24, 25, 26, 27]}}, 'med': 0, 'local-preference': 100, 'originator-id': '1.152.0.1', 'cluster-list': ['1.151.0.1']}, 'announce': {'ipv4 unicast': {'1.152.0.1': [{'nlri': '27.0.0.0/8'}]}}}|1701695985.7038085
27.0.0.0/8|27|1|8 9 16 17 24 25 26 27 |exabgp|1|A|{'attribute': {'origin': 'igp', 'as-path': {'0': {'element': 'as-sequence', 'value': [8, 9, 16, 17, 24, 25, 26, 27]}}, 'med': 0, 'local-preference': 100, 'originator-id': '1.152.0.1', 'cluster-list': ['1.153.0.1']}, 'announce': {'ipv4 unicast': {'1.152.0.1': [{'nlri': '27.0.0.0/8'}]}}}|1701695985.7162068
27.0.0.0/8|27|1|8 9 16 17 24 25 26 27 |exabgp|1|A|{'attribute': {'origin': 'igp', 'as-path': {'0': {'element': 'as-sequence', 'value': [8, 9, 16, 17, 24, 25, 26, 27]}}, 'med': 0, 'local-preference': 100, 'originator-id': '1.152.0.1', 'cluster-list': ['1.154.0.1']}, 'announce': {'ipv4 unicast': {'1.152.0.1': [{'nlri': '27.0.0.0/8'}]}}}|1701695985.717266
31.0.0.0/8|31|1|8 9 16 17 24 25 26 31 |exabgp|1|A|{'attribute': {'origin': 'igp', 'as-path': {'0': {'element': 'as-sequence', 'value': [8, 9, 16, 17, 24, 25, 26, 31]}}, 'local-preference': 100}, 'announce': {'ipv4 unicast': {'179.0.1.2': [{'nlri': '31.0.0.0/8'}]}}}|1701695987.2044885
31.0.0.0/8|31|1|8 9 16 17 24 25 26 31 |exabgp|1|A|{'attribute': {'origin': 'igp', 'as-path': {'0': {'element': 'as-sequence', 'value': [8, 9, 16, 17, 24, 25, 26, 31]}}, 'med': 0, 'local-preference': 100, 'originator-id': '1.152.0.1', 'cluster-list': ['1.153.0.1']}, 'announce': {'ipv4 unicast': {'1.152.0.1': [{'nlri': '31.0.0.0/8'}]}}}|1701695987.2587783
31.0.0.0/8|31|1|8 9 16 17 24 25 26 31 |exabgp|1|A|{'attribute': {'origin': 'igp', 'as-path': {'0': {'element': 'as-sequence', 'value': [8, 9, 16, 17, 24, 25, 26, 31]}}, 'med': 0, 'local-preference': 100, 'originator-id': '1.152.0.1', 'cluster-list': ['1.151.0.1']}, 'announce': {'ipv4 unicast': {'1.152.0.1': [{'nlri': '31.0.0.0/8'}]}}}|1701695987.259809
31.0.0.0/8|31|1|8 9 16 17 24 25 26 31 |exabgp|1|A|{'attribute': {'origin': 'igp', 'as-path': {'0': {'element': 'as-sequence', 'value': [8, 9, 16, 17, 24, 25, 26, 31]}}, 'med': 0, 'local-preference': 100, 'originator-id': '1.152.0.1', 'cluster-list': ['1.154.0.1']}, 'announce': {'ipv4 unicast': {'1.152.0.1': [{'nlri': '31.0.0.0/8'}]}}}|1701695987.2896588
30.0.0.0/8|30|1|8 9 16 17 24 25 26 27 30 |exabgp|1|A|{'attribute': {'origin': 'igp', 'as-path': {'0': {'element': 'as-sequence', 'value': [8, 9, 16, 17, 24, 25, 26, 27, 30]}}, 'local-preference': 100}, 'announce': {'ipv4 unicast': {'179.0.1.2': [{'nlri': '30.0.0.0/8'}]}}}|1701695994.098619
30.0.0.0/8|30|1|8 9 16 17 24 25 26 27 30 |exabgp|1|A|{'attribute': {'origin': 'igp', 'as-path': {'0': {'element': 'as-sequence', 'value': [8, 9, 16, 17, 24, 25, 26, 27, 30]}}, 'med': 0, 'local-preference': 100, 'originator-id': '1.152.0.1', 'cluster-list': ['1.151.0.1']}, 'announce': {'ipv4 unicast': {'1.152.0.1': [{'nlri': '30.0.0.0/8'}]}}}|1701695994.1503785
30.0.0.0/8|30|1|8 9 16 17 24 25 26 27 30 |exabgp|1|A|{'attribute': {'origin': 'igp', 'as-path': {'0': {'element': 'as-sequence', 'value': [8, 9, 16, 17, 24, 25, 26, 27, 30]}}, 'med': 0, 'local-preference': 100, 'originator-id': '1.152.0.1', 'cluster-list': ['1.154.0.1']}, 'announce': {'ipv4 unicast': {'1.152.0.1': [{'nlri': '30.0.0.0/8'}]}}}|1701695994.1513336
30.0.0.0/8|30|1|8 9 16 17 24 25 26 27 30 |exabgp|1|A|{'attribute': {'origin': 'igp', 'as-path': {'0': {'element': 'as-sequence', 'value': [8, 9, 16, 17, 24, 25, 26, 27, 30]}}, 'med': 0, 'local-preference': 100, 'originator-id': '1.152.0.1', 'cluster-list': ['1.153.0.1']}, 'announce': {'ipv4 unicast': {'1.152.0.1': [{'nlri': '30.0.0.0/8'}]}}}|1701695994.1585064
30.0.0.0/8|30|1|2 3 4 29 30 |exabgp|1|A|{'attribute': {'origin': 'igp', 'as-path': {'0': {'element': 'as-sequence', 'value': [2, 3, 4, 29, 30]}}, 'local-preference': 100}, 'announce': {'ipv4 unicast': {'179.0.2.2': [{'nlri': '30.0.0.0/8'}]}}}|1701696009.8241413
30.0.0.0/8|30|1|2 3 4 29 30 |exabgp|1|A|{'attribute': {'origin': 'igp', 'as-path': {'0': {'element': 'as-sequence', 'value': [2, 3, 4, 29, 30]}}, 'med': 0, 'local-preference': 100, 'originator-id': '1.151.0.1', 'cluster-list': ['1.153.0.1']}, 'announce': {'ipv4 unicast': {'1.151.0.1': [{'nlri': '30.0.0.0/8'}]}}}|1701696009.875094
30.0.0.0/8|30|1|2 3 4 29 30 |exabgp|1|A|{'attribute': {'origin': 'igp', 'as-path': {'0': {'element': 'as-sequence', 'value': [2, 3, 4, 29, 30]}}, 'med': 0, 'local-preference': 100, 'originator-id': '1.151.0.1', 'cluster-list': ['1.152.0.1']}, 'announce': {'ipv4 unicast': {'1.151.0.1': [{'nlri': '30.0.0.0/8'}]}}}|1701696009.8759906
30.0.0.0/8|30|1|2 3 4 29 30 |exabgp|1|A|{'attribute': {'origin': 'igp', 'as-path': {'0': {'element': 'as-sequence', 'value': [2, 3, 4, 29, 30]}}, 'med': 0, 'local-preference': 100, 'originator-id': '1.151.0.1', 'cluster-list': ['1.154.0.1']}, 'announce': {'ipv4 unicast': {'1.151.0.1': [{'nlri': '30.0.0.0/8'}]}}}|1701696009.8812306
21.0.0.0/8|21|1|2 3 4 29 28 21 |exabgp|1|A|{'attribute': {'origin': 'igp', 'as-path': {'0': {'element': 'as-sequence', 'value': [2, 3, 4, 29, 28, 21]}}, 'local-preference': 100}, 'announce': {'ipv4 unicast': {'179.0.2.2': [{'nlri': '21.0.0.0/8'}]}}}|1701696010.5698025
22.0.0.0/8|22|1|2 3 4 29 28 21 22 |exabgp|1|A|{'attribute': {'origin': 'igp', 'as-path': {'0': {'element': 'as-sequence', 'value': [2, 3, 4, 29, 28, 21, 22]}}, 'local-preference': 100}, 'announce': {'ipv4 unicast': {'179.0.2.2': [{'nlri': '22.0.0.0/8'}]}}}|1701696010.5708168
26.0.0.0/8|26|1|2 3 4 29 28 27 26 |exabgp|1|A|{'attribute': {'origin': 'igp', 'as-path': {'0': {'element': 'as-sequence', 'value': [2, 3, 4, 29, 28, 27, 26]}}, 'local-preference': 100}, 'announce': {'ipv4 unicast': {'179.0.2.2': [{'nlri': '26.0.0.0/8'}]}}}|1701696010.5717568
27.0.0.0/8|27|1|2 3 4 29 28 27 |exabgp|1|A|{'attribute': {'origin': 'igp', 'as-path': {'0': {'element': 'as-sequence', 'value': [2, 3, 4, 29, 28, 27]}}, 'local-preference': 100}, 'announce': {'ipv4 unicast': {'179.0.2.2': [{'nlri': '27.0.0.0/8'}]}}}|1701696010.5725744
28.0.0.0/8|28|1|2 3 4 29 28 |exabgp|1|A|{'attribute': {'origin': 'igp', 'as-path': {'0': {'element': 'as-sequence', 'value': [2, 3, 4, 29, 28]}}, 'local-preference': 100}, 'announce': {'ipv4 unicast': {'179.0.2.2': [{'nlri': '28.0.0.0/8'}]}}}|1701696010.5733798
31.0.0.0/8|31|1|2 3 4 29 28 27 26 31 |exabgp|1|A|{'attribute': {'origin': 'igp', 'as-path': {'0': {'element': 'as-sequence', 'value': [2, 3, 4, 29, 28, 27, 26, 31]}}, 'local-preference': 100}, 'announce': {'ipv4 unicast': {'179.0.2.2': [{'nlri': '31.0.0.0/8'}]}}}|1701696010.5742111
21.0.0.0/8|21|1|2 3 4 29 28 21 |exabgp|1|A|{'attribute': {'origin': 'igp', 'as-path': {'0': {'element': 'as-sequence', 'value': [2, 3, 4, 29, 28, 21]}}, 'med': 0, 'local-preference': 100, 'originator-id': '1.151.0.1', 'cluster-list': ['1.153.0.1']}, 'announce': {'ipv4 unicast': {'1.151.0.1': [{'nlri': '21.0.0.0/8'}]}}}|1701696010.6272144
21.0.0.0/8|21|1|2 3 4 29 28 21 |exabgp|1|A|{'attribute': {'origin': 'igp', 'as-path': {'0': {'element': 'as-sequence', 'value': [2, 3, 4, 29, 28, 21]}}, 'med': 0, 'local-preference': 100, 'originator-id': '1.151.0.1', 'cluster-list': ['1.152.0.1']}, 'announce': {'ipv4 unicast': {'1.151.0.1': [{'nlri': '21.0.0.0/8'}]}}}|1701696010.6281476
21.0.0.0/8|21|1|2 3 4 29 28 21 |exabgp|1|A|{'attribute': {'origin': 'igp', 'as-path': {'0': {'element': 'as-sequence', 'value': [2, 3, 4, 29, 28, 21]}}, 'med': 0, 'local-preference': 100, 'originator-id': '1.151.0.1', 'cluster-list': ['1.154.0.1']}, 'announce': {'ipv4 unicast': {'1.151.0.1': [{'nlri': '21.0.0.0/8'}]}}}|1701696010.6290147
22.0.0.0/8|22|1|2 3 4 29 28 21 22 |exabgp|1|A|{'attribute': {'origin': 'igp', 'as-path': {'0': {'element': 'as-sequence', 'value': [2, 3, 4, 29, 28, 21, 22]}}, 'med': 0, 'local-preference': 100, 'originator-id': '1.151.0.1', 'cluster-list': ['1.153.0.1']}, 'announce': {'ipv4 unicast': {'1.151.0.1': [{'nlri': '22.0.0.0/8'}]}}}|1701696010.6299324
27.0.0.0/8|27|1|2 3 4 29 28 27 |exabgp|1|A|{'attribute': {'origin': 'igp', 'as-path': {'0': {'element': 'as-sequence', 'value': [2, 3, 4, 29, 28, 27]}}, 'med': 0, 'local-preference': 100, 'originator-id': '1.151.0.1', 'cluster-list': ['1.152.0.1']}, 'announce': {'ipv4 unicast': {'1.151.0.1': [{'nlri': '27.0.0.0/8'}]}}}|1701696010.6477814
22.0.0.0/8|22|1|2 3 4 29 28 21 22 |exabgp|1|A|{'attribute': {'origin': 'igp', 'as-path': {'0': {'element': 'as-sequence', 'value': [2, 3, 4, 29, 28, 21, 22]}}, 'med': 0, 'local-preference': 100, 'originator-id': '1.151.0.1', 'cluster-list': ['1.154.0.1']}, 'announce': {'ipv4 unicast': {'1.151.0.1': [{'nlri': '22.0.0.0/8'}]}}}|1701696010.648848
26.0.0.0/8|26|1|2 3 4 29 28 27 26 |exabgp|1|A|{'attribute': {'origin': 'igp', 'as-path': {'0': {'element': 'as-sequence', 'value': [2, 3, 4, 29, 28, 27, 26]}}, 'med': 0, 'local-preference': 100, 'originator-id': '1.151.0.1', 'cluster-list': ['1.153.0.1']}, 'announce': {'ipv4 unicast': {'1.151.0.1': [{'nlri': '26.0.0.0/8'}]}}}|1701696010.6497543
28.0.0.0/8|28|1|2 3 4 29 28 |exabgp|1|A|{'attribute': {'origin': 'igp', 'as-path': {'0': {'element': 'as-sequence', 'value': [2, 3, 4, 29, 28]}}, 'med': 0, 'local-preference': 100, 'originator-id': '1.151.0.1', 'cluster-list': ['1.152.0.1']}, 'announce': {'ipv4 unicast': {'1.151.0.1': [{'nlri': '28.0.0.0/8'}]}}}|1701696010.6644886
26.0.0.0/8|26|1|2 3 4 29 28 27 26 |exabgp|1|A|{'attribute': {'origin': 'igp', 'as-path': {'0': {'element': 'as-sequence', 'value': [2, 3, 4, 29, 28, 27, 26]}}, 'med': 0, 'local-preference': 100, 'originator-id': '1.151.0.1', 'cluster-list': ['1.154.0.1']}, 'announce': {'ipv4 unicast': {'1.151.0.1': [{'nlri': '26.0.0.0/8'}]}}}|1701696010.6655834
27.0.0.0/8|27|1|2 3 4 29 28 27 |exabgp|1|A|{'attribute': {'origin': 'igp', 'as-path': {'0': {'element': 'as-sequence', 'value': [2, 3, 4, 29, 28, 27]}}, 'med': 0, 'local-preference': 100, 'originator-id': '1.151.0.1', 'cluster-list': ['1.153.0.1']}, 'announce': {'ipv4 unicast': {'1.151.0.1': [{'nlri': '27.0.0.0/8'}]}}}|1701696010.666555
27.0.0.0/8|27|1|2 3 4 29 28 27 |exabgp|1|A|{'attribute': {'origin': 'igp', 'as-path': {'0': {'element': 'as-sequence', 'value': [2, 3, 4, 29, 28, 27]}}, 'med': 0, 'local-preference': 100, 'originator-id': '1.151.0.1', 'cluster-list': ['1.154.0.1']}, 'announce': {'ipv4 unicast': {'1.151.0.1': [{'nlri': '27.0.0.0/8'}]}}}|1701696010.667499
28.0.0.0/8|28|1|2 3 4 29 28 |exabgp|1|A|{'attribute': {'origin': 'igp', 'as-path': {'0': {'element': 'as-sequence', 'value': [2, 3, 4, 29, 28]}}, 'med': 0, 'local-preference': 100, 'originator-id': '1.151.0.1', 'cluster-list': ['1.153.0.1']}, 'announce': {'ipv4 unicast': {'1.151.0.1': [{'nlri': '28.0.0.0/8'}]}}}|1701696010.718921
28.0.0.0/8|28|1|2 3 4 29 28 |exabgp|1|A|{'attribute': {'origin': 'igp', 'as-path': {'0': {'element': 'as-sequence', 'value': [2, 3, 4, 29, 28]}}, 'med': 0, 'local-preference': 100, 'originator-id': '1.151.0.1', 'cluster-list': ['1.154.0.1']}, 'announce': {'ipv4 unicast': {'1.151.0.1': [{'nlri': '28.0.0.0/8'}]}}}|1701696010.720217
31.0.0.0/8|31|1|2 3 4 29 28 27 26 31 |exabgp|1|A|{'attribute': {'origin': 'igp', 'as-path': {'0': {'element': 'as-sequence', 'value': [2, 3, 4, 29, 28, 27, 26, 31]}}, 'med': 0, 'local-preference': 100, 'originator-id': '1.151.0.1', 'cluster-list': ['1.153.0.1']}, 'announce': {'ipv4 unicast': {'1.151.0.1': [{'nlri': '31.0.0.0/8'}]}}}|1701696010.7211747
31.0.0.0/8|31|1|2 3 4 29 28 27 26 31 |exabgp|1|A|{'attribute': {'origin': 'igp', 'as-path': {'0': {'element': 'as-sequence', 'value': [2, 3, 4, 29, 28, 27, 26, 31]}}, 'med': 0, 'local-preference': 100, 'originator-id': '1.151.0.1', 'cluster-list': ['1.154.0.1']}, 'announce': {'ipv4 unicast': {'1.151.0.1': [{'nlri': '31.0.0.0/8'}]}}}|1701696010.7221272
31.0.0.0/8|31|1|2 3 4 29 30 31 |exabgp|1|A|{'attribute': {'origin': 'igp', 'as-path': {'0': {'element': 'as-sequence', 'value': [2, 3, 4, 29, 30, 31]}}, 'local-preference': 100}, 'announce': {'ipv4 unicast': {'179.0.2.2': [{'nlri': '31.0.0.0/8'}]}}}|1701696014.0561202
31.0.0.0/8|31|1|2 3 4 29 30 31 |exabgp|1|A|{'attribute': {'origin': 'igp', 'as-path': {'0': {'element': 'as-sequence', 'value': [2, 3, 4, 29, 30, 31]}}, 'med': 0, 'local-preference': 100, 'originator-id': '1.151.0.1', 'cluster-list': ['1.153.0.1']}, 'announce': {'ipv4 unicast': {'1.151.0.1': [{'nlri': '31.0.0.0/8'}]}}}|1701696014.114725
31.0.0.0/8|31|1|2 3 4 29 30 31 |exabgp|1|A|{'attribute': {'origin': 'igp', 'as-path': {'0': {'element': 'as-sequence', 'value': [2, 3, 4, 29, 30, 31]}}, 'med': 0, 'local-preference': 100, 'originator-id': '1.151.0.1', 'cluster-list': ['1.152.0.1']}, 'announce': {'ipv4 unicast': {'1.151.0.1': [{'nlri': '31.0.0.0/8'}]}}}|1701696014.1168354
31.0.0.0/8|31|1|2 3 4 29 30 31 |exabgp|1|A|{'attribute': {'origin': 'igp', 'as-path': {'0': {'element': 'as-sequence', 'value': [2, 3, 4, 29, 30, 31]}}, 'med': 0, 'local-preference': 100, 'originator-id': '1.151.0.1', 'cluster-list': ['1.154.0.1']}, 'announce': {'ipv4 unicast': {'1.151.0.1': [{'nlri': '31.0.0.0/8'}]}}}|1701696014.1247795
26.0.0.0/8|26|1|2 3 4 29 30 27 26 |exabgp|1|A|{'attribute': {'origin': 'igp', 'as-path': {'0': {'element': 'as-sequence', 'value': [2, 3, 4, 29, 30, 27, 26]}}, 'local-preference': 100}, 'announce': {'ipv4 unicast': {'179.0.2.2': [{'nlri': '26.0.0.0/8'}]}}}|1701696018.195454
27.0.0.0/8|27|1|2 3 4 29 30 27 |exabgp|1|A|{'attribute': {'origin': 'igp', 'as-path': {'0': {'element': 'as-sequence', 'value': [2, 3, 4, 29, 30, 27]}}, 'local-preference': 100}, 'announce': {'ipv4 unicast': {'179.0.2.2': [{'nlri': '27.0.0.0/8'}]}}}|1701696018.1966338
26.0.0.0/8|26|1|2 3 4 29 30 27 26 |exabgp|1|A|{'attribute': {'origin': 'igp', 'as-path': {'0': {'element': 'as-sequence', 'value': [2, 3, 4, 29, 30, 27, 26]}}, 'med': 0, 'local-preference': 100, 'originator-id': '1.151.0.1', 'cluster-list': ['1.153.0.1']}, 'announce': {'ipv4 unicast': {'1.151.0.1': [{'nlri': '26.0.0.0/8'}]}}}|1701696018.2424173
27.0.0.0/8|27|1|2 3 4 29 30 27 |exabgp|1|A|{'attribute': {'origin': 'igp', 'as-path': {'0': {'element': 'as-sequence', 'value': [2, 3, 4, 29, 30, 27]}}, 'med': 0, 'local-preference': 100, 'originator-id': '1.151.0.1', 'cluster-list': ['1.153.0.1']}, 'announce': {'ipv4 unicast': {'1.151.0.1': [{'nlri': '27.0.0.0/8'}]}}}|1701696018.243509
26.0.0.0/8|26|1|2 3 4 29 30 27 26 |exabgp|1|A|{'attribute': {'origin': 'igp', 'as-path': {'0': {'element': 'as-sequence', 'value': [2, 3, 4, 29, 30, 27, 26]}}, 'med': 0, 'local-preference': 100, 'originator-id': '1.151.0.1', 'cluster-list': ['1.154.0.1']}, 'announce': {'ipv4 unicast': {'1.151.0.1': [{'nlri': '26.0.0.0/8'}]}}}|1701696018.2466908
27.0.0.0/8|27|1|2 3 4 29 30 27 |exabgp|1|A|{'attribute': {'origin': 'igp', 'as-path': {'0': {'element': 'as-sequence', 'value': [2, 3, 4, 29, 30, 27]}}, 'med': 0, 'local-preference': 100, 'originator-id': '1.151.0.1', 'cluster-list': ['1.154.0.1']}, 'announce': {'ipv4 unicast': {'1.151.0.1': [{'nlri': '27.0.0.0/8'}]}}}|1701696018.2476728
27.0.0.0/8|27|1|2 3 4 29 30 27 |exabgp|1|A|{'attribute': {'origin': 'igp', 'as-path': {'0': {'element': 'as-sequence', 'value': [2, 3, 4, 29, 30, 27]}}, 'med': 0, 'local-preference': 100, 'originator-id': '1.151.0.1', 'cluster-list': ['1.152.0.1']}, 'announce': {'ipv4 unicast': {'1.151.0.1': [{'nlri': '27.0.0.0/8'}]}}}|1701696018.2574213
26.0.0.0/8|26|1|2 3 4 29 30 31 26 |exabgp|1|A|{'attribute': {'origin': 'igp', 'as-path': {'0': {'element': 'as-sequence', 'value': [2, 3, 4, 29, 30, 31, 26]}}, 'local-preference': 100}, 'announce': {'ipv4 unicast': {'179.0.2.2': [{'nlri': '26.0.0.0/8'}]}}}|1701696030.7592444
26.0.0.0/8|26|1|2 3 4 29 30 31 26 |exabgp|1|A|{'attribute': {'origin': 'igp', 'as-path': {'0': {'element': 'as-sequence', 'value': [2, 3, 4, 29, 30, 31, 26]}}, 'med': 0, 'local-preference': 100, 'originator-id': '1.151.0.1', 'cluster-list': ['1.153.0.1']}, 'announce': {'ipv4 unicast': {'1.151.0.1': [{'nlri': '26.0.0.0/8'}]}}}|1701696030.8120434
26.0.0.0/8|26|1|2 3 4 29 30 31 26 |exabgp|1|A|{'attribute': {'origin': 'igp', 'as-path': {'0': {'element': 'as-sequence', 'value': [2, 3, 4, 29, 30, 31, 26]}}, 'med': 0, 'local-preference': 100, 'originator-id': '1.151.0.1', 'cluster-list': ['1.154.0.1']}, 'announce': {'ipv4 unicast': {'1.151.0.1': [{'nlri': '26.0.0.0/8'}]}}}|1701696030.8130863
17.0.0.0/8|17|1|32 25 24 17 |exabgp|1|A|{'attribute': {'origin': 'igp', 'as-path': {'0': {'element': 'as-sequence', 'value': [32, 25, 24, 17]}}, 'local-preference': 100}, 'announce': {'ipv4 unicast': {'179.0.3.2': [{'nlri': '17.0.0.0/8'}]}}}|1701696038.182204
18.0.0.0/8|18|1|32 25 24 17 18 |exabgp|1|A|{'attribute': {'origin': 'igp', 'as-path': {'0': {'element': 'as-sequence', 'value': [32, 25, 24, 17, 18]}}, 'local-preference': 100}, 'announce': {'ipv4 unicast': {'179.0.3.2': [{'nlri': '18.0.0.0/8'}]}}}|1701696038.1832829
19.0.0.0/8|19|1|32 25 24 17 18 19 |exabgp|1|A|{'attribute': {'origin': 'igp', 'as-path': {'0': {'element': 'as-sequence', 'value': [32, 25, 24, 17, 18, 19]}}, 'local-preference': 100}, 'announce': {'ipv4 unicast': {'179.0.3.2': [{'nlri': '19.0.0.0/8'}]}}}|1701696038.1840892
20.0.0.0/8|20|1|32 25 26 27 28 21 20 |exabgp|1|A|{'attribute': {'origin': 'igp', 'as-path': {'0': {'element': 'as-sequence', 'value': [32, 25, 26, 27, 28, 21, 20]}}, 'local-preference': 100}, 'announce': {'ipv4 unicast': {'179.0.3.2': [{'nlri': '20.0.0.0/8'}]}}}|1701696038.1848965
21.0.0.0/8|21|1|32 25 26 27 28 21 |exabgp|1|A|{'attribute': {'origin': 'igp', 'as-path': {'0': {'element': 'as-sequence', 'value': [32, 25, 26, 27, 28, 21]}}, 'local-preference': 100}, 'announce': {'ipv4 unicast': {'179.0.3.2': [{'nlri': '21.0.0.0/8'}]}}}|1701696038.1858156
22.0.0.0/8|22|1|32 25 24 23 22 |exabgp|1|A|{'attribute': {'origin': 'igp', 'as-path': {'0': {'element': 'as-sequence', 'value': [32, 25, 24, 23, 22]}}, 'local-preference': 100}, 'announce': {'ipv4 unicast': {'179.0.3.2': [{'nlri': '22.0.0.0/8'}]}}}|1701696038.1867347
23.0.0.0/8|23|1|32 25 24 23 |exabgp|1|A|{'attribute': {'origin': 'igp', 'as-path': {'0': {'element': 'as-sequence', 'value': [32, 25, 24, 23]}}, 'local-preference': 100}, 'announce': {'ipv4 unicast': {'179.0.3.2': [{'nlri': '23.0.0.0/8'}]}}}|1701696038.1894562
24.0.0.0/8|24|1|32 25 24 |exabgp|1|A|{'attribute': {'origin': 'igp', 'as-path': {'0': {'element': 'as-sequence', 'value': [32, 25, 24]}}, 'local-preference': 100}, 'announce': {'ipv4 unicast': {'179.0.3.2': [{'nlri': '24.0.0.0/8'}]}}}|1701696038.1906316
25.0.0.0/8|25|1|32 25 |exabgp|1|A|{'attribute': {'origin': 'igp', 'as-path': {'0': {'element': 'as-sequence', 'value': [32, 25]}}, 'local-preference': 100}, 'announce': {'ipv4 unicast': {'179.0.3.2': [{'nlri': '25.0.0.0/8'}]}}}|1701696038.191633
26.0.0.0/8|26|1|32 25 26 |exabgp|1|A|{'attribute': {'origin': 'igp', 'as-path': {'0': {'element': 'as-sequence', 'value': [32, 25, 26]}}, 'local-preference': 100}, 'announce': {'ipv4 unicast': {'179.0.3.2': [{'nlri': '26.0.0.0/8'}]}}}|1701696038.1926556
27.0.0.0/8|27|1|32 25 26 27 |exabgp|1|A|{'attribute': {'origin': 'igp', 'as-path': {'0': {'element': 'as-sequence', 'value': [32, 25, 26, 27]}}, 'local-preference': 100}, 'announce': {'ipv4 unicast': {'179.0.3.2': [{'nlri': '27.0.0.0/8'}]}}}|1701696038.1937373
28.0.0.0/8|28|1|32 25 26 27 28 |exabgp|1|A|{'attribute': {'origin': 'igp', 'as-path': {'0': {'element': 'as-sequence', 'value': [32, 25, 26, 27, 28]}}, 'local-preference': 100}, 'announce': {'ipv4 unicast': {'179.0.3.2': [{'nlri': '28.0.0.0/8'}]}}}|1701696038.2128713
29.0.0.0/8|29|1|32 31 30 29 |exabgp|1|A|{'attribute': {'origin': 'igp', 'as-path': {'0': {'element': 'as-sequence', 'value': [32, 31, 30, 29]}}, 'local-preference': 100}, 'announce': {'ipv4 unicast': {'179.0.3.2': [{'nlri': '29.0.0.0/8'}]}}}|1701696038.21625
30.0.0.0/8|30|1|32 31 30 |exabgp|1|A|{'attribute': {'origin': 'igp', 'as-path': {'0': {'element': 'as-sequence', 'value': [32, 31, 30]}}, 'local-preference': 100}, 'announce': {'ipv4 unicast': {'179.0.3.2': [{'nlri': '30.0.0.0/8'}]}}}|1701696038.2170951
31.0.0.0/8|31|1|32 31 |exabgp|1|A|{'attribute': {'origin': 'igp', 'as-path': {'0': {'element': 'as-sequence', 'value': [32, 31]}}, 'local-preference': 100}, 'announce': {'ipv4 unicast': {'179.0.3.2': [{'nlri': '31.0.0.0/8'}]}}}|1701696038.2179496
22.0.0.0/8|22|1|32 25 24 23 22 |exabgp|1|A|{'attribute': {'origin': 'igp', 'as-path': {'0': {'element': 'as-sequence', 'value': [32, 25, 24, 23, 22]}}, 'med': 0, 'local-preference': 100, 'originator-id': '1.153.0.1', 'cluster-list': ['1.151.0.1']}, 'announce': {'ipv4 unicast': {'1.153.0.1': [{'nlri': '22.0.0.0/8'}]}}}|1701696038.239217
23.0.0.0/8|23|1|32 25 24 23 |exabgp|1|A|{'attribute': {'origin': 'igp', 'as-path': {'0': {'element': 'as-sequence', 'value': [32, 25, 24, 23]}}, 'med': 0, 'local-preference': 100, 'originator-id': '1.153.0.1', 'cluster-list': ['1.151.0.1']}, 'announce': {'ipv4 unicast': {'1.153.0.1': [{'nlri': '23.0.0.0/8'}]}}}|1701696038.240214
24.0.0.0/8|24|1|32 25 24 |exabgp|1|A|{'attribute': {'origin': 'igp', 'as-path': {'0': {'element': 'as-sequence', 'value': [32, 25, 24]}}, 'med': 0, 'local-preference': 100, 'originator-id': '1.153.0.1', 'cluster-list': ['1.151.0.1']}, 'announce': {'ipv4 unicast': {'1.153.0.1': [{'nlri': '24.0.0.0/8'}]}}}|1701696038.2664454
22.0.0.0/8|22|1|32 25 24 23 22 |exabgp|1|A|{'attribute': {'origin': 'igp', 'as-path': {'0': {'element': 'as-sequence', 'value': [32, 25, 24, 23, 22]}}, 'med': 0, 'local-preference': 100, 'originator-id': '1.153.0.1', 'cluster-list': ['1.152.0.1']}, 'announce': {'ipv4 unicast': {'1.153.0.1': [{'nlri': '22.0.0.0/8'}]}}}|1701696038.2819862
25.0.0.0/8|25|1|32 25 |exabgp|1|A|{'attribute': {'origin': 'igp', 'as-path': {'0': {'element': 'as-sequence', 'value': [32, 25]}}, 'med': 0, 'local-preference': 100, 'originator-id': '1.153.0.1', 'cluster-list': ['1.151.0.1']}, 'announce': {'ipv4 unicast': {'1.153.0.1': [{'nlri': '25.0.0.0/8'}]}}}|1701696038.2829769
23.0.0.0/8|23|1|32 25 24 23 |exabgp|1|A|{'attribute': {'origin': 'igp', 'as-path': {'0': {'element': 'as-sequence', 'value': [32, 25, 24, 23]}}, 'med': 0, 'local-preference': 100, 'originator-id': '1.153.0.1', 'cluster-list': ['1.152.0.1']}, 'announce': {'ipv4 unicast': {'1.153.0.1': [{'nlri': '23.0.0.0/8'}]}}}|1701696038.283977
26.0.0.0/8|26|1|32 25 26 |exabgp|1|A|{'attribute': {'origin': 'igp', 'as-path': {'0': {'element': 'as-sequence', 'value': [32, 25, 26]}}, 'med': 0, 'local-preference': 100, 'originator-id': '1.153.0.1', 'cluster-list': ['1.151.0.1']}, 'announce': {'ipv4 unicast': {'1.153.0.1': [{'nlri': '26.0.0.0/8'}]}}}|1701696038.2848065
24.0.0.0/8|24|1|32 25 24 |exabgp|1|A|{'attribute': {'origin': 'igp', 'as-path': {'0': {'element': 'as-sequence', 'value': [32, 25, 24]}}, 'med': 0, 'local-preference': 100, 'originator-id': '1.153.0.1', 'cluster-list': ['1.152.0.1']}, 'announce': {'ipv4 unicast': {'1.153.0.1': [{'nlri': '24.0.0.0/8'}]}}}|1701696038.2857182
27.0.0.0/8|27|1|32 25 26 27 |exabgp|1|A|{'attribute': {'origin': 'igp', 'as-path': {'0': {'element': 'as-sequence', 'value': [32, 25, 26, 27]}}, 'med': 0, 'local-preference': 100, 'originator-id': '1.153.0.1', 'cluster-list': ['1.151.0.1']}, 'announce': {'ipv4 unicast': {'1.153.0.1': [{'nlri': '27.0.0.0/8'}]}}}|1701696038.3158004
25.0.0.0/8|25|1|32 25 |exabgp|1|A|{'attribute': {'origin': 'igp', 'as-path': {'0': {'element': 'as-sequence', 'value': [32, 25]}}, 'med': 0, 'local-preference': 100, 'originator-id': '1.153.0.1', 'cluster-list': ['1.152.0.1']}, 'announce': {'ipv4 unicast': {'1.153.0.1': [{'nlri': '25.0.0.0/8'}]}}}|1701696038.366566
30.0.0.0/8|30|1|32 31 30 |exabgp|1|A|{'attribute': {'origin': 'igp', 'as-path': {'0': {'element': 'as-sequence', 'value': [32, 31, 30]}}, 'med': 0, 'local-preference': 100, 'originator-id': '1.153.0.1', 'cluster-list': ['1.151.0.1']}, 'announce': {'ipv4 unicast': {'1.153.0.1': [{'nlri': '30.0.0.0/8'}]}}}|1701696038.3675535
26.0.0.0/8|26|1|32 25 26 |exabgp|1|A|{'attribute': {'origin': 'igp', 'as-path': {'0': {'element': 'as-sequence', 'value': [32, 25, 26]}}, 'med': 0, 'local-preference': 100, 'originator-id': '1.153.0.1', 'cluster-list': ['1.152.0.1']}, 'announce': {'ipv4 unicast': {'1.153.0.1': [{'nlri': '26.0.0.0/8'}]}}}|1701696038.4659328
31.0.0.0/8|31|1|32 31 |exabgp|1|A|{'attribute': {'origin': 'igp', 'as-path': {'0': {'element': 'as-sequence', 'value': [32, 31]}}, 'med': 0, 'local-preference': 100, 'originator-id': '1.153.0.1', 'cluster-list': ['1.151.0.1']}, 'announce': {'ipv4 unicast': {'1.153.0.1': [{'nlri': '31.0.0.0/8'}]}}}|1701696038.4926026
22.0.0.0/8|22|1|32 25 24 23 22 |exabgp|1|A|{'attribute': {'origin': 'igp', 'as-path': {'0': {'element': 'as-sequence', 'value': [32, 25, 24, 23, 22]}}, 'med': 0, 'local-preference': 100, 'originator-id': '1.153.0.1', 'cluster-list': ['1.154.0.1']}, 'announce': {'ipv4 unicast': {'1.153.0.1': [{'nlri': '22.0.0.0/8'}]}}}|1701696038.543111
27.0.0.0/8|27|1|32 25 26 27 |exabgp|1|A|{'attribute': {'origin': 'igp', 'as-path': {'0': {'element': 'as-sequence', 'value': [32, 25, 26, 27]}}, 'med': 0, 'local-preference': 100, 'originator-id': '1.153.0.1', 'cluster-list': ['1.152.0.1']}, 'announce': {'ipv4 unicast': {'1.153.0.1': [{'nlri': '27.0.0.0/8'}]}}}|1701696038.5741043
23.0.0.0/8|23|1|32 25 24 23 |exabgp|1|A|{'attribute': {'origin': 'igp', 'as-path': {'0': {'element': 'as-sequence', 'value': [32, 25, 24, 23]}}, 'med': 0, 'local-preference': 100, 'originator-id': '1.153.0.1', 'cluster-list': ['1.154.0.1']}, 'announce': {'ipv4 unicast': {'1.153.0.1': [{'nlri': '23.0.0.0/8'}]}}}|1701696038.5752187
30.0.0.0/8|30|1|32 31 30 |exabgp|1|A|{'attribute': {'origin': 'igp', 'as-path': {'0': {'element': 'as-sequence', 'value': [32, 31, 30]}}, 'med': 0, 'local-preference': 100, 'originator-id': '1.153.0.1', 'cluster-list': ['1.152.0.1']}, 'announce': {'ipv4 unicast': {'1.153.0.1': [{'nlri': '30.0.0.0/8'}]}}}|1701696038.6148605
24.0.0.0/8|24|1|32 25 24 |exabgp|1|A|{'attribute': {'origin': 'igp', 'as-path': {'0': {'element': 'as-sequence', 'value': [32, 25, 24]}}, 'med': 0, 'local-preference': 100, 'originator-id': '1.153.0.1', 'cluster-list': ['1.154.0.1']}, 'announce': {'ipv4 unicast': {'1.153.0.1': [{'nlri': '24.0.0.0/8'}]}}}|1701696038.675208
31.0.0.0/8|31|1|32 31 |exabgp|1|A|{'attribute': {'origin': 'igp', 'as-path': {'0': {'element': 'as-sequence', 'value': [32, 31]}}, 'med': 0, 'local-preference': 100, 'originator-id': '1.153.0.1', 'cluster-list': ['1.152.0.1']}, 'announce': {'ipv4 unicast': {'1.153.0.1': [{'nlri': '31.0.0.0/8'}]}}}|1701696038.6762443
25.0.0.0/8|25|1|32 25 |exabgp|1|A|{'attribute': {'origin': 'igp', 'as-path': {'0': {'element': 'as-sequence', 'value': [32, 25]}}, 'med': 0, 'local-preference': 100, 'originator-id': '1.153.0.1', 'cluster-list': ['1.154.0.1']}, 'announce': {'ipv4 unicast': {'1.153.0.1': [{'nlri': '25.0.0.0/8'}]}}}|1701696038.6770575
26.0.0.0/8|26|1|32 25 26 |exabgp|1|A|{'attribute': {'origin': 'igp', 'as-path': {'0': {'element': 'as-sequence', 'value': [32, 25, 26]}}, 'med': 0, 'local-preference': 100, 'originator-id': '1.153.0.1', 'cluster-list': ['1.154.0.1']}, 'announce': {'ipv4 unicast': {'1.153.0.1': [{'nlri': '26.0.0.0/8'}]}}}|1701696038.6780133
27.0.0.0/8|27|1|32 25 26 27 |exabgp|1|A|{'attribute': {'origin': 'igp', 'as-path': {'0': {'element': 'as-sequence', 'value': [32, 25, 26, 27]}}, 'med': 0, 'local-preference': 100, 'originator-id': '1.153.0.1', 'cluster-list': ['1.154.0.1']}, 'announce': {'ipv4 unicast': {'1.153.0.1': [{'nlri': '27.0.0.0/8'}]}}}|1701696038.7378469
30.0.0.0/8|30|1|32 31 30 |exabgp|1|A|{'attribute': {'origin': 'igp', 'as-path': {'0': {'element': 'as-sequence', 'value': [32, 31, 30]}}, 'med': 0, 'local-preference': 100, 'originator-id': '1.153.0.1', 'cluster-list': ['1.154.0.1']}, 'announce': {'ipv4 unicast': {'1.153.0.1': [{'nlri': '30.0.0.0/8'}]}}}|1701696038.7391078
31.0.0.0/8|31|1|32 31 |exabgp|1|A|{'attribute': {'origin': 'igp', 'as-path': {'0': {'element': 'as-sequence', 'value': [32, 31]}}, 'med': 0, 'local-preference': 100, 'originator-id': '1.153.0.1', 'cluster-list': ['1.154.0.1']}, 'announce': {'ipv4 unicast': {'1.153.0.1': [{'nlri': '31.0.0.0/8'}]}}}|1701696038.7400446
